--CAU2
-------------BAI1
--CAU1
INSERT INTO NHANVIEN VALUES ('NV01','Nguyen Nhu Nhut','0927345678','13/4/2006')
INSERT INTO NHANVIEN VALUES ('NV02','Le Thi Phi Yen','0987567390','21/4/2006')
INSERT INTO NHANVIEN VALUES ('NV03','Nguyen Van B','0997047382','27/4/2006')
INSERT INTO NHANVIEN VALUES ('NV04','Ngo Thanh Tuan','0913758498','24/6/2006')
INSERT INTO NHANVIEN VALUES ('NV05','Nguyen Nhu Nhut','0927345678','20/7/2006')
INSERT INTO CTHD  VALUES ('1005', 'TV05', 50) 
INSERT INTO CTHD  VALUES ('1005', 'TV06', 50) 
INSERT INTO CTHD  VALUES ('1006', 'TV07', 20)
INSERT INTO CTHD  VALUES ('1006', 'ST01', 30) 
INSERT INTO CTHD  VALUES ('1006', 'ST02', 10) 
INSERT INTO CTHD  VALUES ('1007', 'ST03', 10) 
INSERT INTO CTHD  VALUES ('1008', 'ST04', 8) 
INSERT INTO CTHD  VALUES ('1009', 'ST05', 10) 
INSERT INTO CTHD  VALUES ('1010', 'TV07', 50) 
INSERT INTO CTHD  VALUES ('1010', 'ST07', 50) 
INSERT INTO CTHD  VALUES ('1010', 'ST08', 100) 
INSERT INTO CTHD  VALUES ('1010', 'ST04', 50) 
INSERT INTO CTHD  VALUES ('1010', 'TV03', 100) 
INSERT INTO CTHD  VALUES ('1011', 'ST06', 50) 
INSERT INTO CTHD  VALUES ('1012', 'ST07', 3) 
INSERT INTO CTHD  VALUES ('1013', 'ST08', 5) 
INSERT INTO CTHD  VALUES ('1014', 'BC02', 80) 
INSERT INTO CTHD  VALUES ('1014', 'BB02', 100) 
INSERT INTO CTHD  VALUES ('1014', 'BC04', 60) 
INSERT INTO CTHD  VALUES ('1014', 'BB01', 50) 
INSERT INTO CTHD  VALUES ('1015', 'BB02', 30) 
INSERT INTO CTHD  VALUES ('1015', 'BB03', 7) 
INSERT INTO CTHD  VALUES ('1016', 'TV01', 5) 
INSERT INTO CTHD  VALUES ('1017', 'TV02', 1) 
INSERT INTO CTHD  VALUES ('1017', 'TV03', 1) 
INSERT INTO CTHD  VALUES ('1017', 'TV04', 5) 
INSERT INTO CTHD  VALUES ('1018', 'ST04', 6) 
INSERT INTO CTHD  VALUES ('1019', 'ST05', 1) 
INSERT INTO CTHD  VALUES ('1019', 'ST06', 2) 
INSERT INTO CTHD  VALUES ('1020', 'ST07', 10) 
INSERT INTO CTHD  VALUES ('1021', 'ST08', 5) 
INSERT INTO CTHD  VALUES ('1021', 'TV01', 7) 
INSERT INTO CTHD  VALUES ('1021', 'TV02', 10) 
INSERT INTO CTHD  VALUES ('1022', 'ST07', 1) 
INSERT INTO CTHD  VALUES ('1023', 'ST04', 6)
INSERT INTO CTHD  VALUES ('1005', 'TV05', 50) 
INSERT INTO CTHD  VALUES ('1005', 'TV06', 50) 
INSERT INTO CTHD  VALUES ('1006', 'TV07', 20)
INSERT INTO CTHD  VALUES ('1006', 'ST01', 30) 
INSERT INTO CTHD  VALUES ('1006', 'ST02', 10) 
INSERT INTO CTHD  VALUES ('1007', 'ST03', 10) 
INSERT INTO CTHD  VALUES ('1008', 'ST04', 8) 
INSERT INTO CTHD  VALUES ('1009', 'ST05', 10) 
INSERT INTO CTHD  VALUES ('1010', 'TV07', 50) 
INSERT INTO CTHD  VALUES ('1010', 'ST07', 50) 
INSERT INTO CTHD  VALUES ('1010', 'ST08', 100) 
INSERT INTO CTHD  VALUES ('1010', 'ST04', 50) 
INSERT INTO CTHD  VALUES ('1010', 'TV03', 100) 
INSERT INTO CTHD  VALUES ('1011', 'ST06', 50) 
INSERT INTO CTHD  VALUES ('1012', 'ST07', 3) 
INSERT INTO CTHD  VALUES ('1013', 'ST08', 5) 
INSERT INTO CTHD  VALUES ('1014', 'BC02', 80) 
INSERT INTO CTHD  VALUES ('1014', 'BB02', 100) 
INSERT INTO CTHD  VALUES ('1014', 'BC04', 60) 
INSERT INTO CTHD  VALUES ('1014', 'BB01', 50) 
INSERT INTO CTHD  VALUES ('1015', 'BB02', 30) 
INSERT INTO CTHD  VALUES ('1015', 'BB03', 7) 
INSERT INTO CTHD  VALUES ('1016', 'TV01', 5) 
INSERT INTO CTHD  VALUES ('1017', 'TV02', 1) 
INSERT INTO CTHD  VALUES ('1017', 'TV03', 1) 
INSERT INTO CTHD  VALUES ('1017', 'TV04', 5) 
INSERT INTO CTHD  VALUES ('1018', 'ST04', 6) 
INSERT INTO CTHD  VALUES ('1019', 'ST05', 1) 
INSERT INTO CTHD  VALUES ('1019', 'ST06', 2) 
INSERT INTO CTHD  VALUES ('1020', 'ST07', 10) 
INSERT INTO CTHD  VALUES ('1021', 'ST08', 5) 
INSERT INTO CTHD  VALUES ('1021', 'TV01', 7) 
INSERT INTO CTHD  VALUES ('1021', 'TV02', 10) 
INSERT INTO CTHD  VALUES ('1022', 'ST07', 1) 
INSERT INTO CTHD  VALUES ('1023', 'ST04', 6)
INSERT INTO HOADON (SOHD, NGHD, MAKH, MANV, TRIGIA) VALUES ('1001', '07/23/2006', 'KH01', 'NV01', 320000) 
INSERT INTO HOADON (SOHD, NGHD, MAKH, MANV, TRIGIA) VALUES ('1002', '08/12/2006', 'KH01', 'NV02', 840000) 
INSERT INTO HOADON (SOHD, NGHD, MAKH, MANV, TRIGIA) VALUES ('1003', '08/23/2006', 'KH02', 'NV01', 100000)
INSERT INTO HOADON (SOHD, NGHD, MAKH, MANV, TRIGIA) VALUES ('1004', '09/01/2006', 'KH02', 'NV01', 180000) 
INSERT INTO HOADON (SOHD, NGHD, MAKH, MANV, TRIGIA) VALUES ('1005', '10/20/2006', 'KH01', 'NV02', 300000) 
INSERT INTO HOADON (SOHD, NGHD, MAKH, MANV, TRIGIA) VALUES ('1006', '10/16/2006', 'KH01', 'NV03', 2430000) 
INSERT INTO HOADON (SOHD, NGHD, MAKH, MANV, TRIGIA) VALUES ('1007', '10/28/2006', 'KH03', 'NV03', 510000) 
INSERT INTO HOADON (SOHD, NGHD, MAKH, MANV, TRIGIA) VALUES ('1008', '10/28/2006', 'KH01', 'NV03', 440000) 
INSERT INTO HOADON (SOHD, NGHD, MAKH, MANV, TRIGIA) VALUES ('1009', '10/28/2006', 'KH03', 'NV04', 200000) 
INSERT INTO HOADON (SOHD, NGHD, MAKH, MANV, TRIGIA) VALUES ('1010', '11/01/2006', 'KH01', 'NV01', 5200000) 
INSERT INTO HOADON (SOHD, NGHD, MAKH, MANV, TRIGIA) VALUES ('1011', '11/04/2006', 'KH04', 'NV03', 250000) 
INSERT INTO HOADON (SOHD, NGHD, MAKH, MANV, TRIGIA) VALUES ('1012', '11/30/2006', 'KH05', 'NV03', 21000) 
INSERT INTO HOADON (SOHD, NGHD, MAKH, MANV, TRIGIA) VALUES ('1013', '12/12/2006', 'KH06', 'NV01', 5000) 
INSERT INTO HOADON (SOHD, NGHD, MAKH, MANV, TRIGIA) VALUES ('1014', '12/31/2006', 'KH03', 'NV02', 3150000) 
INSERT INTO HOADON (SOHD, NGHD, MAKH, MANV, TRIGIA) VALUES ('1015', '01/01/2007', 'KH06', 'NV01', 910000) 
INSERT INTO HOADON (SOHD, NGHD, MAKH, MANV, TRIGIA) VALUES ('1016', '01/01/2007', 'KH07', 'NV02', 12500) 
INSERT INTO HOADON (SOHD, NGHD, MAKH, MANV, TRIGIA) VALUES ('1017', '01/02/2007', 'KH08', 'NV03', 35000) 
INSERT INTO HOADON (SOHD, NGHD, MAKH, MANV, TRIGIA) VALUES ('1018', '01/13/2007', 'KH08', 'NV03', 330000) 
INSERT INTO HOADON (SOHD, NGHD, MAKH, MANV, TRIGIA) VALUES ('1019', '01/13/2007', 'KH01', 'NV03', 30000) 
INSERT INTO HOADON (SOHD, NGHD, MAKH, MANV, TRIGIA) VALUES ('1020', '01/14/2007', 'KH09', 'NV04', 70000) 
INSERT INTO HOADON (SOHD, NGHD, MAKH, MANV, TRIGIA) VALUES ('1021', '01/16/2007', 'KH10', 'NV03', 67500) 
INSERT INTO HOADON (SOHD, NGHD, MAKH, MANV, TRIGIA) VALUES ('1022', '01/16/2007',  NULL,  'NV03', 7000) 
INSERT INTO HOADON (SOHD, NGHD, MAKH, MANV, TRIGIA) VALUES ('1023', '01/17/2007',  NULL,  'NV01', 330000)

INSERT INTO SANPHAM (MASP, TENSP, DVT, NUOCSX, GIA) VALUES ('BC01', 'But chi',              'cay',      'Singapore',    3000)
INSERT INTO SANPHAM (MASP, TENSP, DVT, NUOCSX, GIA) VALUES ('BC02', 'But chi',              'cay',      'Singapore',    5000)
INSERT INTO SANPHAM (MASP, TENSP, DVT, NUOCSX, GIA) VALUES ('BC03', 'But chi',              'cay',      'Viet Nam',     3500)
INSERT INTO SANPHAM (MASP, TENSP, DVT, NUOCSX, GIA) VALUES ('BC04', 'But chi',              'hop',      'Viet Nam',     30000)
INSERT INTO SANPHAM (MASP, TENSP, DVT, NUOCSX, GIA) VALUES ('BB01', 'But bi',               'cay',      'Viet Nam',     5000)
INSERT INTO SANPHAM (MASP, TENSP, DVT, NUOCSX, GIA) VALUES ('BB02', 'But bi',               'cay',      'Trung Quoc',   7000)
INSERT INTO SANPHAM (MASP, TENSP, DVT, NUOCSX, GIA) VALUES ('BB03', 'But bi',               'hop',      'Thai Lan',     100000)
INSERT INTO SANPHAM (MASP, TENSP, DVT, NUOCSX, GIA) VALUES ('TV01', 'Tap 100 giay mong',    'quyen',    'Trung Quoc',   2500)
INSERT INTO SANPHAM (MASP, TENSP, DVT, NUOCSX, GIA) VALUES ('TV02', 'Tap 200 giay mong',    'quyen',    'Trung Quoc',   4500)
INSERT INTO SANPHAM (MASP, TENSP, DVT, NUOCSX, GIA) VALUES ('TV03', 'Tap 100 giay tot',     'quyen',    'Viet Nam',     3000)
INSERT INTO SANPHAM (MASP, TENSP, DVT, NUOCSX, GIA) VALUES ('TV04', 'Tap 200 giay tot',     'quyen',    'Viet Nam',     5500)
INSERT INTO SANPHAM (MASP, TENSP, DVT, NUOCSX, GIA) VALUES ('TV05', 'Tap 100 trang',        'chuc',     'Viet Nam',     23000)
INSERT INTO SANPHAM (MASP, TENSP, DVT, NUOCSX, GIA) VALUES ('TV06', 'Tap 200 trang',        'chuc',     'Viet Nam',     53000)
INSERT INTO SANPHAM (MASP, TENSP, DVT, NUOCSX, GIA) VALUES ('TV07', 'Tap 100 trang',        'chuc',     'Trung Quoc',   34000)
INSERT INTO SANPHAM (MASP, TENSP, DVT, NUOCSX, GIA) VALUES ('ST01', 'So tay 500 trang',     'quyen',    'Trung Quoc',   40000)
INSERT INTO SANPHAM (MASP, TENSP, DVT, NUOCSX, GIA) VALUES ('ST02', 'So tay loai 1',        'quyen',    'Viet Nam',     55000)
INSERT INTO SANPHAM (MASP, TENSP, DVT, NUOCSX, GIA) VALUES ('ST03', 'So tay loai 2',        'quyen',    'Viet Nam',     51000)
INSERT INTO SANPHAM (MASP, TENSP, DVT, NUOCSX, GIA) VALUES ('ST04', 'So tay',               'quyen',    'Thai Lan',     55000)
INSERT INTO SANPHAM (MASP, TENSP, DVT, NUOCSX, GIA) VALUES ('ST05', 'So tay mong',          'quyen',    'Thai Lan',     20000)
INSERT INTO SANPHAM (MASP, TENSP, DVT, NUOCSX, GIA) VALUES ('ST06', 'Phan viet bang',       'hop',      'Viet Nam',     5000)
INSERT INTO SANPHAM (MASP, TENSP, DVT, NUOCSX, GIA) VALUES ('ST07', 'Phan khong bui',       'hop',      'Viet Nam',     7000)
INSERT INTO SANPHAM (MASP, TENSP, DVT, NUOCSX, GIA) VALUES ('ST08', 'Bong bang',            'cai',      'Viet Nam',     1000)
INSERT INTO SANPHAM (MASP, TENSP, DVT, NUOCSX, GIA) VALUES ('ST09', 'But long',             'cay',      'Viet Nam',     5000)
INSERT INTO SANPHAM (MASP, TENSP, DVT, NUOCSX, GIA) VALUES ('ST10', 'But long',             'cay',      'Trung Quoc',   7000)

INSERT INTO KHACHHANG (MAKH, HOTEN, DCHI, SODT, NGSINH, DOANHSO, NGDK) VALUES ('KH01', 'Nguyen Van A',   '731 Tran Hung Dao, Q5, TpHCM',    '08823451' ,    '10/22/1960',   13060000 ,  '07/22/2006')
INSERT INTO KHACHHANG (MAKH, HOTEN, DCHI, SODT, NGSINH, DOANHSO, NGDK) VALUES ('KH02', 'Tran Ngoc Han',  '23/5 Nguyen Trai, Q5, TpHCM',     '0908256478' ,  '4/3/1974',     280000 ,    '07/30/2006')
INSERT INTO KHACHHANG (MAKH, HOTEN, DCHI, SODT, NGSINH, DOANHSO, NGDK) VALUES ('KH03', 'Tran Ngoc Linh', '45 Nguyen Canh Chan, Q1, TpHCM',  '0938776266' ,  '6/12/1980',    3860000 ,   '08/05/2006')
INSERT INTO KHACHHANG (MAKH, HOTEN, DCHI, SODT, NGSINH, DOANHSO, NGDK) VALUES ('KH04', 'Tran Minh Long', '50/34 Le Dai Hanh, Q10, TpHCM',   '0917325476' ,  '3/9/1965',     250000 ,    '10/02/2006')
INSERT INTO KHACHHANG (MAKH, HOTEN, DCHI, SODT, NGSINH, DOANHSO, NGDK) VALUES ('KH05', 'Le Nhat Minh',   '34 Truong Dinh, Q3, TpHCM',       '08246108' ,    '3/10/1950',    21000 ,     '10/28/2006')
INSERT INTO KHACHHANG (MAKH, HOTEN, DCHI, SODT, NGSINH, DOANHSO, NGDK) VALUES ('KH06', 'Le Hoai Thuong', '227 Nguyen Van Cu, Q5, TpHCM',    '08631738' ,    '12/31/1981',   915000 ,    '11/24/2006')
INSERT INTO KHACHHANG (MAKH, HOTEN, DCHI, SODT, NGSINH, DOANHSO, NGDK) VALUES ('KH07', 'Nguyen Van Tam', '32/3 Tran Binh Trong, Q5, TpHCM', '0916783565' ,  '4/6/1971',     12500 ,     '12/01/2006')
INSERT INTO KHACHHANG (MAKH, HOTEN, DCHI, SODT, NGSINH, DOANHSO, NGDK) VALUES ('KH08', 'Phan Thi Thanh', '45/2 An Duong Vuong, Q5, TpHCM',  '0938435756' ,  '1/10/1971',    365000 ,    '12/13/2006')
INSERT INTO KHACHHANG (MAKH, HOTEN, DCHI, SODT, NGSINH, DOANHSO, NGDK) VALUES ('KH09', 'Le Ha Vinh',     '873 Le Hong Phong, Q5, TpHCM',    '08654763' ,    '9/3/1979',     70000 ,     '01/14/2007')
INSERT INTO KHACHHANG (MAKH, HOTEN, DCHI, SODT, NGSINH, DOANHSO, NGDK) VALUES ('KH10', 'Ha Duy Lap',     '34/34B Nguyen Trai, Q1, TpHCM',   '08768904' ,    '5/2/1983',     67500 ,     '01/16/2007')


--CAU2
SELECT * FROM SANPHAM,KHACHHANG 
--CAU3
UPDATE SANPHAM SET GIA=GIA+GIA/(100/5) 
WHERE NUOCSX='SINGAPORE' 
--CAU4
UPDATE SANPHAM SET GIA =GIA/(100/5)+GIA 
WHERE NUOCSX='TRUNG QUOC' AND GIA >10000 
--CAU5
UPDATE KHACHHANG SET LOAIKH ='VIP' 
WHERE (NGDK<cast('2011/1/1' as date) AND DOANHSO>=10000000) 
OR (NGDK>cast('2011/1/1' as date) AND DOANHSO >=2000000)
--CAU3
--CAU 1)
SELECT MASP,TENSP
FROM  SANPHAM
WHERE NUOCSX='TRUNG QUOC'
--CAU 2)
SELECT MASP,TENSP
FROM  SANPHAM
WHERE DVT='CAY' OR DVT='QUYEN'
--CAU 3)
SELECT MASP,TENSP
FROM  SANPHAM
WHERE MASP LIKE 'B%01'
--CAU 4)
SELECT MASP,TENSP
FROM  SANPHAM
WHERE NUOCSX='TRUNG QUOC' AND GIA BETWEEN 30000 AND 40000
--CAU 5)
SELECT MASP,TENSP
FROM  SANPHAM
WHERE (NUOCSX='TRUNG QUOC' OR NUOCSX='THAI LAN') AND GIA BETWEEN 30000 AND 40000
--CAU 6)
SELECT SOHD,TRIGIA
FROM  HOADON
WHERE NGHD='1/1/2007' OR NGHD='2/1/2007'
--CAU 7)
SELECT SOHD,TRIGIA
FROM  HOADON
WHERE MONTH(NGHD)=1 AND YEAR(NGHD)=2007
ORDER BY  NGHD ASC,TRIGIA DESC
--CAU 8)
SELECT A.MAKH,HOTEN
FROM  HOADON A, KHACHHANG B
WHERE A.MAKH=B.MAKH AND NGHD='1/1/2007'
--CAU 9)
SELECT SOHD,TRIGIA
FROM  HOADON A, NHANVIEN B
WHERE A.MANV=B.MANV AND NGHD='28/10/2006' AND HOTEN='NGUYEN VAN B' 
--CAU 10)
SELECT C.MASP, TENSP
FROM  HOADON A, KHACHHANG B, CTHD C, SANPHAM D
WHERE A.MAKH=B.MAKH AND A.SOHD=C.SOHD AND C.MASP=D.MASP AND
  MONTH(NGHD)=10 AND YEAR(NGHD)=2006 AND HOTEN='NGUYEN VAN A' 
